ar,artist,co,ki,li,ma,or,pl,po,re,rf,s_no,sh,si,sp,te,title,tx,va
5,Giorgio de Chirico,0,False,0,False,4,2,0,5,False,2,3,2,0,0,The Uncertainty of the Poet ,False,3
5,Giovanni Anselmo,0,False,0,False,3,4,0,5,False,3,2,3,5,3,Direction,False,1
5,Milton Avery,4,False,0,False,2,3,0,5,False,4,4,0,0,4,Yellow Sky ,False,2
5,Gillian Avery,0,False,0,False,2,4,0,0,False,5,4,3,3,2,Distillation,False,1
5,Joseph (Jef) Banc,1,False,0,False,0,1,0,0,False,6,4,0,0,4,Pair-Bearing Matrix ,False,1
0,Fiona Banner,0,False,5,False,0,5,0,0,False,7,0,3,0,2,Break Point ,True,1
5,Thomas Barker of Bath,0,False,0,False,4,2,0,5,False,8,1,0,0,1,The Woodman and his Dog in a Storm ,False,4
5,Uta Barth,0,False,0,False,0,1,0,5,False,9,1,0,3,5,Field #20 ,False,1
0,Willi Baumeister,0,False,5,False,4,3,0,0,False,10,3,0,0,1,Untitled (Suspended Lines I) ,False,1
5,Larry Bell,0,False,0,False,0,2,0,0,True,11,1,1,5,3,Untitled ,False,5
0,Hans Bellmer,0,False,0,False,4,3,0,5,False,12,4,0,3,1,The Doll ,False,3
3,Frédéric Benrath,0,False,5,False,1,3,0,0,False,13,1,0,0,5,Untitled,False,3
5,Jyoti Bhatt,0,False,0,False,1,4,0,5,False,14,2,0,0,0,Baroda ,False,4
5,Richard Billingham,1,False,0,False,1,3,0,5,False,15,0,1,3,5,Arrow ,False,2
5,Rut Blees Luxemburg,4,False,0,False,0,2,0,5,False,16,1,1,3,2,Viewing the Open,False,4
5,Sandra Blow,0,False,3,False,1,4,0,0,False,17,4,0,3,4,Space and Matter ,False,1
0,Mel Bochner,0,False,5,False,5,3,0,0,False,18,0,0,0,1,Language is not transparent ,True,2
5,Jonathan Borofsky,0,False,0,False,0,2,0,5,False,19,5,0,0,0,"Man with Briefcase at 2,756,805 ",True,3
5,Derek Boshier ,0,False,3,False,1,4,0,5,False,20,4,4,0,2,The Identi-Kit Man ,False,1
5,Boyd and Evans,0,False,0,False,1,4,0,5,False,21,4,2,3,0,The Wall ,False,1
5,Georges Braque,0,False,5,False,3,3,0,3,False,22,4,0,3,3,Bottle and Fishes,False,4
5,Adam Broomberg & Oliver Chanarin ,1,False,0,False,0,4,0,5,False,23,4,3,3,2,Political 1 sheet 19 ,False,2
5,Cecily Brown,0,False,5,False,2,1,0,3,False,24,4,0,0,4,Trouble in Paradise ,False,1
5,Luis Camnitzer,4,False,0,False,0,4,0,0,False,25,4,1,5,4,Leftovers,True,0
5,James Casebere,0,False,0,False,0,4,0,5,True,26,4,0,3,0,Blue Hallway ,False,4
5,Vija Celmins,0,False,0,False,0,0,0,5,False,27,4,2,3,4,Ocean ,False,2
5,Dennis Creffield,0,False,5,False,2,4,0,3,False,28,1,0,0,4,Norwich from the East End: High Summer ,False,4
3,Tacita Dean,0,False,5,False,1,2,0,3,False,29,4,0,0,4,The Roaring Forties: Seven Boards in Seven Days,True,4
5,Peter Doig,1,False,0,False,0,2,0,5,True,30,4,0,3,2,Echo Lake ,False,4
5,Leonardo Drew,0,False,3,False,5,2,0,0,False,31,0,1,5,3,Number 135,False,0
5,Marcel Duchamp,0,False,0,False,0,4,0,0,False,32,4,0,5,0,3 stoppages étalon (3 Standard Stoppages),False,0
5,Marlene Dumas,1,False,0,False,4,4,0,5,False,33,4,1,0,1,Lucy ,False,4
5,Max Ernst,0,False,0,False,0,4,0,5,False,34,4,0,0,1,Celebes ,False,0
3,Öyvind Fahlström,0,False,5,True,2,4,0,5,False,35,3,2,0,2,"Sketch for World Map Part 1 (Americas, Pacific) ",True,2
5,Jean Fautrier,0,False,0,False,0,0,0,0,False,36,4,0,5,4,Head of a Hostage ,False,2
0,León Ferrari,0,False,5,True,0,4,5,0,False,37,4,2,0,1,Toilet ,False,1
5,François Louis Thomas Francia,0,False,0,False,2,4,0,5,False,38,4,0,3,1,A Shipwreck ,False,1
3,Sam Francis,0,False,5,False,2,2,0,0,False,39,4,0,0,4,Painting ,False,2
5,Helen Frankenthaler,0,False,3,False,2,4,0,0,False,40,4,0,0,2,Mirabelle ,False,1
5,Giuseppe Pinot-Gallizio,0,False,0,False,1,4,0,0,False,41,1,0,5,2,Industrial Painting ,False,0
5,Gaspar Gasparian ,0,False,3,False,0,5,0,5,False,42,2,0,0,0,Mediunic,False,2
5,Sam Gilliam,0,False,0,False,4,4,0,0,False,43,2,0,5,2,Simmering ,False,0
5,Fernanda Gomes,0,False,5,False,2,5,0,0,False,44,1,2,5,0,Untitled ,False,1
5,Arshile Gorky,0,False,3,False,2,2,0,3,False,45,4,2,3,4,Untitled,False,4
3,Giorgio Griffa,0,False,5,False,2,4,0,0,False,46,1,0,5,4,Segni orizzontali ,False,1
0,Jan Groth,0,False,5,False,2,4,0,0,False,47,1,2,0,4,"Drawing, Untitled ",False,1
5,Philip Guston,0,False,3,False,0,3,0,3,False,48,4,4,3,3,Black Sea,False,1
3,Hans Hartung,2,False,5,False,2,4,0,0,False,49,2,0,0,4,T1963-R6,False,2
5,Eberhard Havekost,0,False,0,False,0,4,0,5,False,50,4,0,0,2,Ghost 1 ,False,1
5,Stanley William Hayter,0,False,3,False,2,4,0,0,False,51,4,4,0,0,Ophelia,False,0
5,Tim Head,0,False,0,False,4,4,0,5,True,52,2,2,3,0,Ambidextrous ,False,0
3,Nigel Henderson,0,False,5,False,4,1,0,3,False,53,2,1,0,4,Untitled No. 8 (Shattered Glass) ,False,3
5,Anthony Hernandez,0,False,5,False,4,2,0,5,False,54,3,4,3,1,Rome #17 ,False,0
0,Eva Hesse,0,False,5,False,4,4,0,0,False,55,2,1,5,3,No Title ,False,0
3,Charline von Heyl,0,False,5,False,4,3,0,0,False,56,2,4,0,0,Twelve Thirty ,False,3
3,Nicholas Hlobo,0,False,5,False,3,1,0,0,False,57,4,0,5,3,Balindile 1,False,1
5,Robert Holyhead,0,False,0,False,2,5,0,0,False,58,3,0,0,0,Untitled (Rift),False,2
5,Rebecca Horn ,0,True,5,False,4,4,0,5,False,59,4,2,5,1,Concert for Anarchy,False,0
5,Rebecca Horn ,0,False,3,False,1,4,0,0,False,60,4,2,3,4,Landscape of the Golem II ,False,2
0,Roni Horn,0,False,5,False,4,3,3,0,False,61,3,0,0,0,Then 2,False,0
5,Shirazeh Houshiary,1,False,5,False,4,2,3,0,False,62,0,2,3,3,Vapour,False,3
5,Tess Jaray,0,False,5,False,5,2,0,3,False,63,2,0,3,0,Cupola Blue ,False,0
5,Frank Humphrey Sinkler Jennings,0,False,0,False,0,5,0,5,False,64,2,2,3,0,Swiss Roll ,False,1
3,Asger Jorn,2,False,5,False,0,1,0,5,False,65,2,0,0,4,Letter to my Son ,False,0
5,Isaac Julien,0,False,0,False,1,4,0,5,True,66,1,0,3,0,Vagabondia ,False,0
0,Linda Karshan,0,False,5,False,1,0,0,0,False,67,5,0,0,2,Untitled ,False,1
3,Barbara Kasten,0,False,5,False,4,2,0,3,True,68,0,1,3,0,Untitled 13,False,1
5,György Kepes,0,False,3,False,0,3,0,5,True,69,1,0,3,2,Leaf and Prism ,False,5
5,Guillermo Kuitca,0,False,0,False,2,0,0,0,False,70,5,1,0,1,Untitled,False,1
0,Yayoi Kusama,2,False,0,False,0,3,5,5,True,71,1,4,5,0,Infinity Mirrored Room-Gleaming Lights of the Soul    ,False,4
5,Peter Lanyon,0,False,5,False,0,3,0,0,False,72,1,0,3,4,Thermal ,False,3
5,Julio Le Parc,0,True,5,False,4,4,0,0,True,73,0,1,5,1,"Continual Mobile, Continual Light ",False,1
5,Lee Bul,0,False,3,False,3,4,0,5,True,74,2,0,5,4,Souterrain,False,4
0,Lee Ufan,2,False,5,False,1,2,0,0,False,75,0,0,0,2,From Line ,False,5
5,Liliane Lijn,1,True,0,False,4,4,5,0,True,76,1,1,5,4,Liquid Reflections 2nd Series ,False,4
5,El Lissitzky,0,False,0,False,4,4,0,0,False,77,4,1,0,0,Troublemaker ,False,0
5,Heinz Mack,0,True,5,False,5,2,0,0,True,78,0,0,5,2,Light Dynamo ,False,2
5,René Magritte,0,False,0,False,0,5,0,5,False,79,3,0,3,0,Man with a Newspaper ,False,1
5,Kazimir Malevich,0,False,0,False,4,4,0,0,False,80,4,1,0,0,Suprematism ,False,0
0,Antoni Malinowski ,0,False,5,False,3,5,0,0,False,81,1,1,3,2,It's so green outside it is difficult to leave the window,False,3
5,Man Ray,0,False,0,False,0,4,0,5,False,82,4,0,5,2,Cadeau ,False,0
5,Man Ray,0,False,5,False,1,3,0,3,False,83,3,0,0,0,not titled Rayograph,False,5
5,Mike Mandel & Larry Sultan,0,False,0,False,0,4,0,5,False,84,4,2,3,2, [no title] ,False,2
5,Yves Klein,0,False,0,False,2,5,0,5,False,85,2,0,0,0,Leap into the Void ,False,0
5,Piero Manzoni,0,False,3,False,0,5,0,5,False,86,2,0,5,1,Artist’s Shit,True,0
0,Brice Marden,0,False,5,False,2,1,0,0,False,87,5,0,0,2,"Cold Mountain Series, Zen Study 6",False,1
5,Agnes Martin,1,False,5,False,1,2,0,0,False,88,1,0,0,2,Untitled #10,False,5
0,Kenneth Martin,2,False,5,False,4,4,3,0,False,89,0,0,0,1,"Chance and Order Group VII, Drawing 6",True,1
5,Mary Martin,0,False,0,False,5,2,0,0,True,90,1,1,5,2,nversions,False,2
5,Gordon Matta-Clark,0,False,0,False,4,4,0,5,False,91,0,0,3,0,Bronx Floors: Threshole ,False,1
5,Dora Maurer,0,False,0,False,2,5,0,5,False,92,2,1,3,0,Reversible and changeable phases of movement etude 3,True,1
5,Josiah McElheny,0,False,0,False,0,5,0,5,True,93,1,0,5,2,"Twentieth Century Modernism, Mirrored and Reflected Infinitely",False,2
5,Bruce McLean,0,False,0,False,2,4,0,5,False,94,2,0,3,4,Six Sculptures,True,1
5,David Medalla,0,True,0,False,0,0,0,0,False,95,2,0,5,5,Cloud Windows,False,1
5,Julie Mehretu,1,False,5,False,4,3,3,0,False,96,3,2,3,2,Black City ,False,2
5,Marisa Merz,0,False,0,False,3,5,0,0,False,97,1,0,5,1,Untitled (Living Sculpture) ,False,1
5,Gustav Metzger,3,True,0,False,0,3,0,0,False,98,3,2,5,3,Liquid Crystal Environment ,False,4
5,Henri Michaux,0,False,5,False,5,1,0,0,False,99,3,0,0,1,[no title],False,2
5,John Everett Millais,0,False,0,False,3,4,0,5,False,100,3,0,3,0,Ophelia ,False,0
5,Joan Miro,2,False,5,False,0,3,0,0,False,101,5,2,0,1,Painting ,False,1
0,Joan Mitchell,2,False,5,False,1,4,0,0,False,102,4,0,3,1,Sides of a River II,False,1
5,François Morellet,1,True,5,False,2,3,0,0,False,103,0,1,5,0,Pier and Ocean,False,5
5,Robert Morris,0,False,0,False,0,5,0,0,False,104,1,2,5,2,Untitled,False,0
5,Paul Nash ,0,False,0,False,0,4,0,5,False,105,4,2,3,0,Landscape from a Dream ,False,0
5,Bruce Nauman,0,True,5,False,2,4,0,5,False,106,2,0,5,0,Dance or Exercise on the Perimeter of a Square (Square Dance)    ,False,0
5,Mike Nelson,0,False,0,False,0,4,0,5,False,107,2,4,5,4,A Psychic Vacuum ,False,0
5,Avis Newman,0,False,5,False,2,2,0,3,False,108,2,2,3,5,Meridians VIII ,False,3
5,Winifred Nicholson,0,False,3,False,1,4,0,0,False,109,4,4,0,0,Quarante Huit Quai d’Auteuil ,False,3
5,Albert Oehlen,0,False,5,False,4,3,0,3,False,110,3,0,3,4,More Fire and Ice,False,4
5,Chris Ofili,0,False,5,False,3,4,5,5,False,111,4,4,3,3,Afrodizzia,True,0
5,Hélio Oiticica,1,False,0,False,2,4,0,0,False,112,1,1,5,0,Grand Nucleus (Grande Núcleo) ,False,0
5,Claes Oldenburg and Coosje van Bruggen,0,False,5,False,4,2,0,5,False,113,4,0,5,4,Soft Viola ,False,0
5,Jules Olitski,0,False,3,False,0,4,3,0,False,114,4,1,3,4,Sahny-7,False,0
5,Gabriel Orozco,2,False,0,False,0,4,5,0,False,115,4,2,3,2,River Rocks Eroded,False,2
5,Alistair Park,0,False,3,False,0,4,0,5,False,116,4,0,0,2,1. 9,False,2
5,Cornelia Parker,0,False,5,False,2,4,0,5,False,117,4,0,5,0,Cold Dark Matter: An Exploded View ,False,2
5,Oliver Payne and Nick Relph,0,False,3,False,1,5,0,5,False,118,2,0,0,0,Master Friday ,False,1
5,Giuseppe Penone,0,False,0,False,0,1,0,0,False,119,4,0,0,4,Study for ‘Breath of Clay’ ,False,0
5,Roland Penrose,0,False,0,False,2,2,0,3,False,120,4,0,3,1,House the Light-house ,False,0
5,Margot Perryman,0,False,0,False,1,4,0,3,False,121,4,0,0,0,Arcade ,False,0
5,Vong Phaophanit,0,False,5,False,0,4,0,3,False,122,2,0,5,3,Neon Rice Field,False,4
5,Pablo Picasso,0,False,5,False,0,2,0,5,False,123,5,0,3,0,Guernica ,False,1
3,Georges Braque,0,False,5,False,4,4,0,3,False,124,4,0,3,4,Still Life with Banderillas,True,3
5,John Piper,0,False,5,False,1,0,0,5,False,125,3,0,0,3,Seaton Delaval ,False,5
5,Steven Pippin,0,False,5,False,4,2,0,5,False,126,4,1,3,0,Bath Tub Converted into a Pin-Hole Camera ,False,2
5,Sigmar Polke,0,False,5,False,2,4,5,3,False,127,4,0,3,2,Untitled (Square 2),False,1
5,Jackson Pollock,0,False,5,False,4,3,0,0,False,128,4,0,3,2,Yellow Islands,False,0
5,Larry Poons,0,False,3,False,3,4,3,0,False,129,1,0,3,1,Out,False,4
5,Nicholas Pope,0,False,0,False,0,0,0,0,False,130,5,0,5,1,Liar Liar ,False,1
5,Liliana Porter ,0,False,3,False,0,3,5,5,False,131,4,0,3,4,Wrinkle ,False,3
5,Douglas Portway,0,False,3,False,1,3,0,0,False,132,4,0,3,2,White Screen ,False,2
5,R.H. Quaytman,0,False,5,False,3,4,0,0,False,133,0,4,3,0,Chapter 12: iamb,False,3
5,Ged Quinn,0,False,3,False,0,3,0,5,False,134,3,4,3,0,Cross in the Wilderness ,False,4
5,Fiona Rae,0,False,3,False,4,3,3,0,False,135,1,2,3,4,Untitled (emergency room),False,0
0,Arnulf Rainer,0,False,5,False,4,4,0,5,False,136,4,0,0,3,Untitled (Death Mask),False,1
5,Robert Rauschenberg,0,False,0,False,4,4,0,5,False,137,4,0,3,3,Water Stop ,True,3
5,Isabel Rawsthorne,0,False,5,False,1,0,0,3,False,138,4,0,0,4,View through a Window II ,False,1
5,Charles Ray,0,False,3,False,3,5,0,5,False,139,3,0,0,0,Plank Piece I-II ,False,0
5,Judit Reigl,0,False,5,False,4,3,0,0,False,140,3,3,3,4,Center of Dominance,False,1
5,Ad Reinhardt,0,False,0,False,0,0,0,0,False,141,3,0,3,2,Abstract Painting No. 5 ,False,5
5,Rosângela Rennó,0,True,0,False,0,2,0,5,False,142,3,0,5,4,Experiencing Cinema,False,4
5,Gerhard Richter,0,False,0,False,0,4,0,5,False,143,4,0,3,3,"Self Portrait Standing, Three Times, 17.3.1991",False,0
5,Gerhard Richter,0,False,5,False,0,0,0,0,False,144,3,0,3,5,Abstract Painting (726),False,1
0,Bridget Riley,0,False,5,False,4,4,0,0,False,145,4,2,3,0,Fall ,False,3
5,Jean-Paul Riopelle,0,False,5,False,3,4,3,0,False,146,3,3,0,2,Suite Montmorency,False,1
5,Rita Donagh,0,False,5,False,4,3,0,3,False,147,4,0,3,4,Long Meadow,True,4
5,Franz Roh,0,False,0,False,0,4,0,3,False,148,5,0,3,1,Masks Survive ,False,1
5,James Rosenquist,0,False,5,False,2,2,0,3,False,149,4,0,3,4,Sunglasses - Landing Net - Triangle,False,1
5,Leonard Rosoman,0,False,3,False,2,4,5,5,False,150,3,1,3,3,Bomb Falling into Water ,False,4
0,Dieter Roth,1,False,5,False,3,2,0,5,False,151,4,0,3,2,Self-Portrait as a Flower Pot,False,4
5,Dieter Roth,0,False,5,False,1,1,0,3,False,152,3,0,5,4,Untitled,True,1
5,Mark Rothko,0,False,5,False,0,4,3,0,False,153,4,0,3,2,Untitled ,False,1
0,Felix Rozen,0,False,5,False,3,3,5,3,False,154,4,0,0,0,[no title] ,True,1
0,Sterling Ruby,0,False,5,False,3,2,3,0,False,155,4,0,3,3,(Mapping) Maybelline ® Wet Shine Cherry Rain,False,0
5,Ed Ruscha,0,False,5,False,0,2,0,3,False,156,3,5,3,1,Untitled,True,3
5,Ed Ruscha ,0,False,0,False,4,3,0,5,False,157,3,2,3,1,maquette for Every Building on the Sunset Strip,True,2
5,Robert Ryman,0,False,5,False,4,1,0,0,False,158,1,0,0,3,Document ,False,2
0,Doris Salcedo,0,False,5,False,4,3,0,5,False,159,3,4,5,4,Disremembered I,False,0
0,Lucas Samaras,0,False,5,False,1,0,0,5,False,160,5,0,5,3,Chair Transformation #7,False,0
0,Mira Schendel,0,False,0,False,0,5,5,0,False,161,0,2,3,0,Perforated V (Perfurados V) ,False,0
5,Kurt Schwitters,0,False,0,False,3,4,0,3,False,162,4,0,5,0,Merzbau,False,0
5,Richard Serra,0,False,0,False,4,5,0,0,False,163,3,4,5,3,2-2-1: To Dickie and Tina ,False,0
5,Cindy Sherman,0,False,0,False,0,4,0,5,False,164,4,1,3,1,Untitled Film Still #48 ,False,1
0,Shozo Shimamoto,0,False,5,False,3,4,5,0,False,165,0,0,3,3,Untitled ,False,0
5,Robert Smithson,0,True,0,False,1,4,0,5,False,166,0,3,5,3,Asphalt Rundown ,False,0
5,Robert Smithson,0,False,0,False,0,4,0,5,False,167,1,4,5,4,Partially Buried Woodshe,False,0
5,Monika Sosnowska,0,False,0,False,4,2,0,5,False,168,4,0,5,0,"The Tired Room, Freud Museum, Vienna, Austria",False,0
3,Jesús Rafael Soto,4,False,5,False,0,2,0,0,False,169,1,2,5,2,Houston Penetrable,False,4
5,Stanley Spencer,0,False,0,False,4,4,0,5,False,170,4,0,3,0,"The Resurrection, Cookham ",False,0
5,Daniel Spoerri ,0,False,0,False,5,1,0,5,False,171,2,0,5,0,"La table du Clown Bar, Paris,",False,0
3,Ian Stephenson,1,False,0,False,0,5,5,0,False,172,2,5,3,2,Flaxman: Understudy,False,2
0,Do Ho Suh,0,False,5,False,2,3,0,0,False,173,4,2,3,4,Karma Juggler,True,0
5,Graham Sutherland ,2,False,5,False,0,3,3,5,False,174,4,1,3,0,Entrance to a Lane ,False,3
5,Yves Tanguy,0,False,3,False,0,3,0,3,False,175,4,1,3,3,The Mood of Now ,False,2
5,Antoni Tapies,1,False,3,False,0,2,0,0,False,176,4,0,0,3,Pasted Cloth ,True,4
0,Jean Tinguely,0,False,5,False,4,4,0,5,False,177,4,0,3,0,Chaos I,False,0
5,Mark Tobey,1,False,5,False,4,3,0,0,False,178,4,3,0,3,Northwest Drift,False,4
0,Alison Turnbull,1,False,5,False,3,2,5,0,False,179,0,4,3,0,Ecliptic,False,4
0,Richard Tuttle ,0,False,5,False,3,4,0,0,False,180,4,0,5,2,10th Wire Piece,False,4
3,Richard Tuttle ,1,False,5,False,2,4,0,0,False,181,4,0,5,2,"Dawn, Noon, Dusk: Paper (1)",False,2
5,Luc Tuymans,0,False,3,False,2,2,0,3,False,182,4,0,3,3,Untitled (The Barge),False,3
0,Cy Twombly,0,False,5,False,1,2,0,0,False,183,4,0,3,2,Academy ,True,3
5,Adriana Varejão,2,False,3,False,0,2,0,3,False,184,4,0,5,3,Folds 2,False,0
5,Victor Vasarely,0,False,0,False,2,3,0,0,False,185,4,1,3,0,Vega ,False,2
3,Vladimir Velickovic,0,False,5,False,1,4,0,5,False,186,4,1,0,1,Elements and Documents Employed ,True,0
5,Didier Vermeiren,1,False,3,False,1,2,0,0,False,187,4,1,5,3,Solide plastique #4,False,0
3,Luigi Veronesi,0,False,5,False,1,1,5,0,False,188,2,0,3,0,Photo n.152,False,5
5,Jeff Wall,0,False,3,False,1,5,3,5,False,189,2,2,3,0,A Sudden Gust of Wind (after Hokusai) ,False,0
5,Alfred Wallis,0,False,3,False,4,2,0,5,False,190,3,1,3,0,The Hold House Port Mear Square Island Port Mear Beach,False,0
5,Andy Warhol,2,False,0,False,0,2,0,0,False,191,4,0,3,2,"Shadows, detail",False,3
5,Andy Warhol,0,False,0,False,0,1,0,5,False,192,1,0,0,0,Double Torso,False,5
5,Boyd Webb,0,False,3,False,2,2,3,3,False,193,4,4,3,1,First Principles,False,0
5,John Wells,0,False,5,False,0,1,0,0,False,194,3,0,3,4,Abstract,False,4
5,Lionel Wendt,0,False,0,False,0,2,0,3,False,195,4,3,3,1,[title not known],False,3
0,Richard Wentworth,0,False,5,False,5,0,0,5,False,196,3,0,5,3,"35°9,32°18",False,0
5,Franz West ,1,False,0,False,0,2,0,5,False,197,2,0,5,4,Sisyphos IV,False,4
5,James Abbott McNeill Whistler,4,False,3,False,0,2,3,5,False,198,4,0,3,3,Nocturne: Blue and Silver - Cremorne Lights,False,4
5,Rachel Whiteread,0,False,0,False,0,2,0,5,False,199,4,2,5,3,House,False,2
3,Alison Wilding,0,False,5,False,1,1,3,0,False,200,4,0,0,4,Untitled ,False,4
0,Terry Winters,1,False,5,False,3,3,0,0,False,201,4,4,3,2,Parallel Rendering 2,False,2
0,Wols (Alfred Otto Wolfgang Schulze),0,False,5,False,4,1,3,0,False,202,4,1,3,4,[no title],False,4
5,Francesca Woodman,0,False,0,False,0,4,0,5,False,203,4,0,0,2,"Untitled, Providence, Rhode Island",False,4
5,Christopher Wool ,2,False,3,False,1,4,3,0,False,204,4,0,3,3,Untitled,False,3
5,Cerith Wyn Evans,0,False,0,False,5,0,0,5,False,205,2,0,5,0,Inverse Reverse Perverse,False,0
5,Catherine Yass,5,False,5,False,2,0,3,5,False,206,0,0,3,3,Stage,False,3
5,Carey Young,0,False,3,False,0,4,3,5,False,207,4,3,3,0,"Body Techniques (after Parallel Stress, Dennis Oppenheim,1970)",False,0
5,Doug Wheeler,1,False,0,False,1,0,0,5,False,208,3,1,5,1,LC 71 NY DZ 13 DW,False,5
5,Ricci Albenda,0,False,0,False,0,4,0,3,False,209,4,0,5,1,Panoramic Portal to Another Dimension (Deanna),False,2
5,Kiripi Katembo,1,False,3,False,1,5,0,5,True,210,2,0,3,1,"Subir, série Un Regard",False,1
5,Nestor Da,0,False,0,False,0,4,5,3,False,211,4,1,0,4,"Untitled #38, Ondes de perturbation series",False,1
5,Yo-Yo Gonthier,0,False,0,False,0,3,3,0,False,212,4,0,3,3,Maquette du nuage #1,False,4
5,François-Xavier Gbré,3,False,0,False,0,4,0,5,False,213,4,0,0,0,"Imprimerie nationale, Porto Novo, Benin",False,4
5,Jems Robert Koko Bi,0,False,3,False,4,0,0,0,False,214,3,0,5,2,'Domino'' Bois de Teck,False,0
5,Yéanzi,0,False,0,False,0,4,5,5,False,215,3,2,0,3,"Section 1, Les pétroliers series",False,1
5,Bhupen Khakhar ,1,False,3,False,2,4,0,5,False,216,4,2,3,0,Hamam Khana,False,1
5,Prabhakar Barwe,0,False,3,False,0,4,0,3,False,217,4,4,3,0,Silent Observer,False,2
5,Jitish Kallat,0,False,5,False,2,3,3,5,False,218,2,0,5,4,Found Burnt Text,True,2
0,V. Viswanadhan,0,False,5,False,1,2,3,0,False,219,0,0,3,4,no title on website,False,3
0,V. Arnawaz,2,False,5,False,0,1,3,3,False,220,4,0,0,0,no title on website,False,4
5,S. Nandagopal,0,False,5,False,4,4,0,3,False,221,2,0,5,0,The Hunt,False,0
5,S.Paramasivam,0,False,0,False,0,5,0,0,False,222,3,2,5,0,no title on website,False,0
5,Ritesh Meshram,0,False,0,False,0,4,0,0,False,223,4,0,5,1,Untitled,False,0
5,Gigi Scaria,1,False,0,False,0,2,0,5,False,224,2,1,3,4,Dust,False,0
5,Aditi Singh,0,False,0,False,0,2,3,0,False,225,1,0,3,4,Untitled (diptych),False,4
5,Pieter Bruegel “The Elder” ,0,False,3,False,1,4,3,5,False,226,3,0,3,0,The Wine of Saint Martin's Day,False,0
5,Herman Van Vollenhoven,0,False,3,False,4,3,3,5,False,227,2,0,0,1,Still Life with Game Fowl,False,2
5,Claes Claesz Wou,1,False,5,False,5,2,0,5,False,228,3,0,3,0,Ships in a Storm,False,3
5,Jacob Peeter Gowy,1,False,5,False,5,3,0,5,False,229,4,2,3,0,The Fall of Icarus,False,1
5,Simon de Vlieger ,1,False,5,False,4,2,0,5,False,230,4,0,3,0,Forest,False,4
5,Tomás Hiepes,1,False,5,False,0,3,0,5,False,231,4,5,3,1,Landscape with a Vine,False,0
5,Giandomenico Tiepolo,1,False,3,False,0,4,0,5,False,232,3,1,0,0,"The Mondo Nuovo, 2nd painting P7805",False,1
5,Charles-Joseph Flipart ,0,False,3,False,4,4,0,5,False,233,2,0,0,0,"Disordered Table with a trompe l’oeil of Paintings, a Hurdy-gurdy, Books and other Objects",False,1
5,Francisco de Goya y Lucientes ,2,False,5,False,2,4,0,5,False,234,4,0,3,0,The 3rd of May 1808 in Madrid or “The Executions”,False,4
5,Francisco de Goya y Lucientes ,1,False,0,False,1,4,0,5,False,235,3,4,3,0,Asmodea,False,3
5,Francisco de Goya y Lucientes ,1,False,5,False,4,2,0,5,False,236,4,0,0,3,Dos personajes asomándose a una salida luminosa,False,4
0,Francisco de Goya y Lucientes ,0,False,5,False,2,3,0,5,False,237,4,4,0,1,Dream 1. Universal Language. The Author dreaming,True,3
5,Juan de Flandes ,0,False,3,False,0,5,0,5,False,238,4,0,3,0,The Ascension,False,2
5,Lucas Cranach the Elder,0,False,5,False,1,4,0,5,False,239,4,2,3,0,Cacería en el castillo de Torgau en honor de Fernando I,False,1
5,El Greco (Domenikos Theotokopoulos),3,False,5,False,1,2,0,5,False,240,4,1,0,2,The Vision of Saint John,False,3
0,Fabrianne Peterson Nampitjinpa,1,False,0,False,0,4,5,0,False,241,0,0,0,1,Damper Seed,False,4
0,Gloria Petyarre,1,False,5,False,4,3,0,0,False,242,0,0,0,0,Bush Medicine Leaves,False,3
0,Samantha Hobson,2,False,5,False,2,3,0,0,False,243,4,0,0,3,Wave Burst,False,0
3,Sonya Kelliher-Combs,0,False,5,False,0,4,0,3,False,244,0,0,0,3,drawing title unknown,False,4
3,Julie Mehretu,0,False,5,False,1,4,0,3,False,245,4,4,3,2,"Epigraph, Damascus",False,4
0,Christiane Baumgartner,0,False,5,False,1,4,0,3,False,246,3,3,3,1,Strand from Alan Cristea Gallery Twentieth Anniversary Portfolio,False,4
5,Mark Bradford,1,False,5,False,2,5,0,3,False,247,1,1,0,1,Disappear Like a Dope Fiend,False,1
5,José Luis Guerín,0,False,3,False,1,4,0,5,True,248,4,1,3,2,The Academy of Muses,False,1
0,Wade Guyton,0,False,5,False,0,5,0,0,False,249,1,2,0,3,Untitled,False,2
5,Ian McKeever,0,False,3,False,0,3,0,3,False,250,4,1,3,3,Eagduru from Alan Cristea Gallery Twentieth Anniversary Portfolio,False,2
5,Moris (Israel Meza Moreno),1,False,3,False,0,4,0,5,False,251,3,0,5,0,Hermoso paisaje 3,False,1
5,Richard Aldrich,0,False,5,False,0,4,5,0,False,252,4,3,0,2,Flying UFO Flying,False,2
0,Jasper Johns,0,False,5,False,1,4,0,5,False,253,3,0,0,0,Alphabets,True,1
5,Sam Lewitt,0,True,0,False,1,0,0,0,False,254,4,0,5,5,Fluid Employment,False,1
5,Ken Okiishi,1,True,5,False,0,4,0,0,False,255,3,0,5,2,gesture\/data,False,1
5,Rosemarie Trockel,1,False,3,False,0,4,0,5,False,256,4,0,0,3,Untitled,False,1
5,Günther Uecker,0,False,5,False,1,2,3,3,False,257,3,0,5,4,Sturz,False,2
5,Jack Whitten,0,False,5,False,1,4,3,0,False,258,2,0,3,4,Liquid Space I,False,3
5,Lucas Blalock,0,False,3,False,1,4,0,3,False,259,4,1,0,1,The Covered Piano,False,0
5,Jeff Elrod,0,False,3,False,1,2,0,0,False,260,4,0,3,5,Green Echo,False,2
3,Eileen Quinlan,0,False,5,False,4,2,5,3,False,261,4,0,0,2,Makers,False,2
5,Gedi Sibony,0,False,3,False,0,4,0,0,False,262,1,0,5,3,If,False,2
3,Sarah Sze,0,False,5,False,2,5,5,0,False,263,1,2,5,0,Untitled,False,0
5,Michael Williams,1,False,3,False,0,4,0,5,False,264,3,0,0,2,DAD,True,2
5,Michele Abeles,0,False,0,False,0,3,0,3,False,265,3,1,0,4,B&W #06,False,0
5,Sung Hwan Kim,0,True,3,False,0,4,0,5,False,266,4,0,0,3,Washing Brain and Corn,False,2
5,Lisa Oppenheim,0,False,3,False,2,2,0,5,False,267,3,0,3,2,"Man holding large camera photographing a cataclysmic event, possibly a volcano erupting.",False,5
5,Luther Price,0,True,5,False,2,4,0,3,False,268,4,2,0,3,Number 9,False,4
5,Lieko Shiga,0,False,0,False,0,0,0,5,False,269,3,0,0,0,Raisen Kaigan 36,False,5
5,Pat Steir ,1,False,5,False,0,1,0,0,False,270,2,0,0,4,Opacity Velocity,False,4
5,Wolfgang Tillmans,1,False,5,False,1,4,0,5,False,271,4,3,0,2,"still life, Calle Real II",True,1
3,Mary Weatherford,0,False,5,False,1,4,0,0,False,272,4,0,3,4,vines,False,3
5,Yun-Fei Ji,1,False,5,False,1,3,0,5,False,273,4,1,3,2,The Empty City: Autumn Colors,False,4
5,Mariah Robertson,0,False,5,False,2,4,0,3,False,274,4,0,3,3,Unique color print on metallic paper,False,4
5,Uta Barth,1,False,0,False,1,4,0,3,False,275,4,0,0,2,Sundial (2007.14),False,3
0,Dan Miller,0,False,5,False,0,4,0,3,False,276,4,0,0,0,Untitled,True,0
5,John Armleder,1,False,0,False,3,2,3,0,False,277,4,0,3,4,Untitled from Supernova,False,3
0,Cai Guo-Qiang,0,False,3,False,0,2,5,0,False,278,4,0,3,4,Drawing for Transient Rainbow,False,3
0,Beth Campbell,0,False,5,False,0,4,0,5,False,279,3,0,0,0,My Potential Future Based on Present Circumstances (12\/14\/02),True,2
5,Diller + Scofidio,0,False,0,False,0,4,0,5,False,280,1,1,5,4,"Blur Building, Yverdon-les-Bains, Switzerland",False,3
5,Tom Friedman,0,False,0,False,4,4,0,5,False,281,3,0,0,0,Untitled,False,0
3,Ellen Gallagher,0,False,5,False,0,2,3,3,False,282,3,0,0,4,Watery Ecstatic,False,4
5,Mona Hatoum,0,False,5,False,0,1,3,0,False,283,4,4,0,4,Hair Drawing,False,2
5,Anish Kapoor,4,False,3,False,0,2,0,0,False,284,2,0,3,2,Untitled,False,5
5,Renato Orara,0,False,5,False,1,2,3,5,False,285,3,0,0,2,Untitled from the series 'Ten Thousand Things That Breathe',False,4
5,Mathias Schmied,0,False,5,False,0,3,0,3,False,286,4,2,0,0,Venetian Blinds,False,4
5,Roman Signer ,0,True,5,False,3,5,0,5,False,287,3,0,0,0,Box,False,0
5,Sarah Walker,1,False,5,False,2,4,5,0,False,288,4,3,3,2,Blue Band,False,2
3,William Anastasi,0,False,5,False,4,4,0,0,False,289,3,1,0,1,"Pocket Drawing - Sept. 24, 2002",False,3
5,John Bock ,0,False,5,False,4,3,0,0,False,290,4,0,0,2,Untitled,False,0
5,Bruce Connor,0,False,0,False,0,5,0,5,False,291,4,0,3,3,Bombhead,False,1
3,Damien Hirst,0,False,5,False,4,4,5,0,False,292,3,3,3,2,"Lavender baby from In a Spin, the Action of the World on Things, Volume 1",True,3
3,Guillermo Kuitca,0,False,5,False,4,4,3,5,False,293,3,0,0,3,The Ring,True,3
5,Matthew Ritchie ,3,False,5,False,1,4,5,0,False,294,4,2,3,2,Everyone Belongs to Everyone Else,True,4
5,Erwin Wurm,0,False,0,False,4,5,0,5,False,295,3,2,5,0,House Attack,False,0
3,Mark Lombardi,0,False,5,False,4,4,0,5,False,296,5,0,0,0,Freeport,True,1
5,Dorothea Rockburne ,0,False,5,False,4,4,0,0,False,297,3,0,5,0,Drawing Which Makes Itself: Neighbourhood,False,4
0,Eve Aschheim,0,False,5,False,4,3,0,0,False,298,0,3,3,2,Stretch,False,4
5,Jill Baroff,0,False,5,False,3,5,0,3,False,299,1,2,0,2,Blackbird,True,2
5,John Baldessari ,0,False,5,False,0,4,5,5,False,300,4,2,0,1,Goya Series: And,True,1
5,Stan Brakhage,4,True,0,False,0,0,5,3,False,301,4,3,3,4,23rd Psalm Branch (Part 1 & 2),False,4
5,Markus Lüpertz,1,False,5,False,3,3,0,5,False,302,4,0,0,4,"Untitled (Landschaft, abstrakt)",False,4
5,Harvey Tulcensky ,2,False,5,False,1,4,0,0,False,303,2,2,0,4,Untitled,False,3
5,Sue Williams,1,False,5,False,4,2,3,3,False,304,4,3,0,1,Chicken Leg in Yellow,False,0
0,Barry Le Va ,1,False,5,False,3,4,5,0,False,305,3,2,0,0,Pyramid: Center Points and Lengths (Through Points of Tangency): 3 Layers Separately Overlaid,False,1
5,Ant Farm,0,True,0,False,5,4,0,5,False,306,4,1,3,0,Cadillac Ranch Show,False,0
5,James Turrell ,0,False,0,False,0,1,0,0,False,307,1,0,5,5,Frontal Passage,False,5
5,Joan Waltemath ,0,False,5,False,1,4,3,0,False,308,1,3,3,1,Untitled,True,4
5,Raoul De Keyser,1,False,5,False,0,0,0,0,False,309,1,0,0,5,Forcalquier A1,False,5
0,David Ireland,0,False,5,False,4,3,0,0,False,310,4,3,0,3,"Untitled from A variation on 79, side to side passes on a dumball, dedicated to the memory of John Cage 1912-1992",False,4
3,Michael Krebber ,0,False,5,False,0,1,5,3,False,311,3,0,0,5,Untitled (1),False,5
5,Glenn Ligon,0,False,5,False,0,3,3,5,False,312,1,0,0,5,Study for Black Like Me. #2,True,4
0,Al Taylor,0,False,5,False,4,4,0,3,False,313,3,0,5,3,Untitled,False,1
0,Hannah Wilke ,0,False,5,False,0,0,3,5,False,314,0,4,0,0,Hername,True,4
5,John Cage,0,False,0,False,0,3,0,3,False,315,2,0,0,4,River Rock and Smoke 4\/13\/90 #5,False,4
0,John Cage ,0,False,5,False,4,3,0,5,False,316,1,0,0,1,IX from Mushroom Book,True,3
0,David Rabinowitch,0,False,5,False,0,4,0,0,False,317,0,2,3,4,Helleboros,False,4
5,Gerhard Richter ,0,False,5,False,2,2,3,0,False,318,2,2,3,5,24.4.90,False,4
5,Philip-Lorca diCorcia,2,False,0,False,0,4,0,5,True,319,4,0,0,0,"William Charles Everlove; 26 years old; Stockholm, Sweden via Arizona; $40",False,2
5,"Tim Rollins, K.O.S. (Kids of Survival) ",0,False,5,False,2,4,5,5,False,320,3,0,0,4,VIII from The Temptation of Saint Antony I-XIV,True,2
0,Alan Saret ,0,False,5,False,4,4,0,0,False,321,4,4,5,3,Untitled,False,4
0,Gego (Gertrud Goldschmidt),0,False,5,False,4,4,0,0,False,322,4,3,5,3,"Ledge II, no. 88\/37",False,3
5,Michael Heizer,0,False,0,False,0,5,0,5,False,323,1,4,5,4,Levitated Mass,False,0
0,Fred Sandback,1,False,5,False,2,5,0,0,False,324,2,3,5,2,"Untitled (Fourth of Ten Corner Constructions, Sculptural Study, Yellow Version)",False,2
5,Harry Callahan,0,False,3,False,0,3,0,5,False,325,2,0,3,2,Detroit,False,4
5,Georg Herold ,0,False,0,False,0,2,0,5,False,326,4,1,0,0,Earthquake Piece,False,1
5,Not Vital,0,False,5,False,0,1,0,3,False,327,4,1,0,4,Untitled,False,1
5,Joseph Beuys,0,True,0,False,0,4,0,5,False,328,3,0,5,0,I Like America and America Likes Me,False,0
5,George Maciunas,0,False,0,False,0,0,0,5,False,329,4,0,5,0,Same Card Flux Deck,True,0
5,Jan Tarasin,1,False,5,False,0,4,5,5,False,330,4,0,0,0,Beach,False,1
5,Jake Berthot,0,False,5,False,0,2,0,0,False,331,4,0,0,3,Third House for Edgar Hofschen #3,False,2
0,Nasreen Mohamedi ,0,False,5,False,3,1,0,0,False,332,0,1,0,1,Untitled,False,4
5,Nam June Paik,1,True,0,False,3,4,0,5,False,333,4,1,5,1,Untitled,True,0
3,Marcel Broodthaers ,0,False,5,False,0,4,0,0,False,334,2,1,0,1,Un coup de dés jamais n'abolira le hasard (A throw of the dice will never abolish chance),False,0
5,Arman,0,False,5,False,3,4,0,5,False,335,3,2,5,3,I Still Use Brushes,False,0
5,Brion Gysin ,0,False,5,False,2,4,0,5,False,336,4,1,0,4,Plateau Beaubourg,False,3
5,Paul Thek,0,False,3,False,0,4,0,5,False,337,4,2,5,3,_Fishman in Excelsis Table_,False,0
3,Mira Schendel ,0,False,5,False,2,4,3,3,False,338,4,4,3,2,Untitled from the series Graphic objects (Objetos gráficos),True,4
5,Dick Higgins,1,False,5,False,0,2,0,0,False,339,3,1,0,4,Symphony #269 from The Thousand Symphonies,True,1
5,James Boynton ,0,False,5,False,0,4,0,3,False,340,2,0,0,4,Untitled,False,0
0,Paul Sharits,3,False,5,False,2,2,3,0,False,341,5,1,0,0,Spasmatic Pain I (Boulder Community Hospital),False,0
5,Sheila Hicks ,0,False,5,False,1,2,0,0,False,342,3,1,5,4,Unfinished Conversation,False,3
5,Hi Red Center,3,False,0,False,1,2,0,5,False,343,4,1,5,2,Canned Mystery,True,0
5,Lucio Fontana ,0,False,3,False,0,2,5,0,False,344,4,1,3,4,Concetto Spaziale from Six Original Etchings (Sei Acqueforti Originali),False,1
0,Heinz Mack,0,False,5,False,3,4,0,0,False,345,4,2,3,1,Untitled,False,1
5,Jean Tinguely,0,True,5,False,2,4,0,3,False,346,4,0,5,2,Fragment from Homage to New York,False,0
0,Jean Dubuffet ,0,False,5,False,2,4,0,5,False,347,4,1,0,2,Four Scribbles (Quatre gribouillis),True,1
3,Otto Piene ,0,False,0,False,0,4,5,0,False,348,0,0,3,4,Untitled (Smoke Drawing),False,2
5,Alberto Giacometti,0,False,3,False,0,4,0,3,False,349,4,0,5,1,Point to the Eye,False,0
5,Francis Thompson,0,False,0,False,2,2,0,5,False,350,4,0,0,0,Concave Orange with Hole on Plate,False,0
5,Joseph Cornell,0,False,5,False,0,2,0,5,False,351,4,1,5,1,Untitled (Dieppe),True,0
5,Forrest Bess,3,False,5,False,4,4,0,3,False,352,4,2,3,1,Untitled,False,2
0,Merce Cunningham,0,False,5,False,4,0,0,5,False,353,4,0,0,0,Suite by Chance (Movement Chart II C-D-E Extensions),True,1
5,Julius Bissier,0,False,5,False,2,2,0,0,False,354,4,0,0,3,Untitled,False,3
3,Philip Guston,2,False,5,False,3,2,0,0,False,355,4,0,0,3,Untitled,False,2
5,Sylvia Wald,1,False,5,False,3,3,3,0,False,356,4,2,3,3,Spirit's Constellation,False,1
3,Louise Bourgeois,1,False,5,False,4,2,0,0,False,357,4,1,0,3,Untitled,False,2
0,Alexander Calder,0,True,0,False,4,4,0,0,False,358,1,1,5,0,The Bicycle,False,1
5,Philippe Halsman,0,False,3,False,0,5,3,5,False,359,1,0,0,1,Dali Atomicus,False,0
5,Mark Rothko ,4,False,3,False,0,2,0,0,False,360,4,2,3,4,No. 5\/No. 24,False,4
5,László Moholy-Nagy,1,False,5,False,1,4,5,0,False,361,2,1,5,3,"Vertical Black, Red, Blue",False,4
5,Brassaï (Gyula Halász),0,False,0,False,0,1,0,5,False,362,2,0,0,1,Buttress of the Elevated,False,5
5,M. C. Escher ,0,False,5,False,5,2,0,5,False,363,1,0,3,0,Relativity,False,0
5,Clyfford Still ,2,False,3,False,1,2,0,0,False,364,4,3,0,2,1944-N No. 2,False,4
5,Harold E. Edgerton,0,False,0,False,0,5,5,5,False,365,4,1,0,0,Milk Drop,False,2
5,Meret Oppenheim ,0,False,0,False,0,2,0,5,False,366,2,0,5,5,Object,False,0
5,Paul Outerbridge,0,False,3,False,0,1,0,5,False,367,3,2,0,0,H-O Box,True,4
5,René Magritte ,0,False,5,False,1,4,0,5,False,368,4,1,3,2,The Thought Which Sees,False,3
5,Edward Hopper ,3,False,3,False,0,0,0,5,False,369,4,0,0,0,House by the Railroad,False,4
3,Paul Klee,0,False,5,False,4,2,3,3,False,370,4,1,0,4,"Queen of Hearts (Herzdame) from the periodical Der Ararat. Glossen, Skizzen und Notizen zur Neuen Kunst vol. 2, no. 4",False,3
5,Vasily Kandinsky,2,False,5,False,4,1,5,0,False,371,3,4,3,1,Panel for Edwin R. Campbell No. 4,False,1
5,Hannah Höch,0,False,3,False,1,4,3,5,False,372,4,2,0,1,Cut with the Dada Kitchen Knife through the Last Weimar Beer-Belly Cultural Epoch in Germany,True,4
5,Giacomo Balla,2,False,5,False,3,3,0,0,False,373,4,1,3,0,Swifts: Paths of Movement + Dynamic Sequences,False,3
5,Jean (Hans) Arp,0,False,5,False,0,4,0,0,False,374,4,4,0,0,A Navel (Ein Nabel) from Merz 5. 7 Arpaden by Hans Arp. Arp Portfolio. Second Portfolio of the Merz Publisher (Merz 5. 7 Arpaden von Hans Arp. Arp Mappe. Zweite Mappe des Merzverlages,False,1
5,Jacques Villon,0,False,0,False,2,1,0,5,False,375,3,0,5,3,Interior,False,4
5,Naum Gabo ,0,False,3,False,1,1,0,0,False,376,3,0,5,2,"Linear Construction in Space no. 3, with Red",False,4
5,Natalia Goncharova,0,False,3,False,5,3,3,5,False,377,3,1,3,0,Composition,False,3
5,Juan Gris,0,False,3,False,4,4,0,5,False,378,3,0,0,0,Breakfast,False,1
5,Odilon Redon ,0,False,5,False,0,1,0,5,False,379,0,3,3,2,Apparition in the Window,False,5
3,Pablo Picasso,0,False,5,False,4,3,0,3,False,380,3,3,0,1,Still Life with Bottle of Marc (Nature morte à la bouteille de marc),True,4
5,František Kupka,3,False,5,False,2,4,0,0,False,381,3,4,0,2,Untitled,False,2
5,Georges Braque,0,False,5,False,4,4,3,3,False,382,3,2,0,3,Man With a Guitar,False,4
5,Paul Cézanne,1,False,5,False,0,2,0,5,False,383,2,0,0,3,House Among Trees,False,4
5,Raoul Ubac ,0,False,0,False,0,1,0,0,False,384,4,0,0,3,Brûlage,False,3
5,Allan Kaprow ,0,False,0,False,0,0,0,5,False,385,1,1,5,5,Fluids,False,3
5,Charles Long,0,False,5,False,4,3,0,0,False,386,4,0,5,4,Untitled,False,0
5,Jeff Koons,0,False,0,False,0,0,0,5,False,387,4,4,5,4,Balloon Dog,False,0
5,Joseph Mallord William Turner,3,False,0,False,0,0,0,5,False,388,1,0,3,4,"Norham Castle, Sunrise",False,4
5,Salvador Dalí ,1,False,3,False,0,3,3,5,False,389,4,1,3,0,The Persistence of Memory,False,1
5,Jacques-André Boiffard,0,False,3,False,1,2,0,5,False,390,3,0,0,1,Untitled (Still Life),False,4
5,Takesada Matsutani ,0,False,3,False,4,0,3,0,False,391,2,0,0,4,Work 65-B-1,False,2
5,Rodney Graham,0,False,3,False,5,1,0,5,False,392,1,1,5,0,Main Street Tree,True,0
3,Daniel Dezeuze,0,False,5,False,4,2,3,3,False,393,3,1,5,1,Le tableau serait-il un artefact parmi d’autres ?,False,0
5,Pol Bury,0,True,5,False,4,3,5,0,False,394,3,2,5,1,"1,914 White Points",False,1
0,Fernanda Gomes ,0,False,5,False,3,3,0,0,False,395,5,1,5,3,Untitled,False,3
5,Oskar Fischinger,1,True,5,False,0,4,5,0,False,396,3,4,3,0,An Optical Poem,False,4
5,Amir Mousavi,1,False,3,False,0,4,0,5,False,397,2,0,0,3,,False,0
5,Dariush Nehdaran,0,False,3,False,4,2,3,5,False,398,3,0,0,0,Untitled,False,2
5,Dadbeh Bassir,0,False,3,False,0,5,0,5,False,399,4,0,0,1,Untitled,False,1
5,Wafaa Bilal,0,False,3,False,0,0,0,5,False,400,0,4,3,4,Market,False,4
0,Mohammad Ali Talpur,0,False,5,False,1,2,0,0,False,401,4,0,0,3,Bird Flight,False,3
0,Mohammad Ali Talpur,0,False,5,False,0,2,0,0,False,402,0,0,0,4,Machine Drawing,False,4
5,Peter Fischli David Weiss ,0,False,3,False,4,4,0,5,False,403,1,0,0,0,ZEIT DIE ZUR VERFÜGUNG STEHT,False,0
5,Jitish Kallat,0,False,5,False,1,1,3,0,False,404,1,0,0,4,Wind Study,True,2
5,Gillian Avery,1,False,5,False,0,2,3,0,False,405,2,1,0,4,Break-off ,False,1
